{
    "data": [
        {
            "strikeTime": 1.846153974533081,
            "trackIndex": 0
        },
        {
            "strikeTime": 2.769230842590332,
            "trackIndex": 0
        },
        {
            "strikeTime": 3.692307949066162,
            "trackIndex": 0
        },
        {
            "strikeTime": 4.615384578704834,
            "trackIndex": 0
        }
    ]
}